"conc","rlu_cens","plate"
0.003,1064085,"Cu 19Mar24 Rep1B"
0.003,1107620,"Cu 19Mar24 Rep1B"
0.003,990758,"Cu 19Mar24 Rep1B"
0.003,1067172,"Cu 19Mar24 Rep1B"
0.0137424,1032736,"Cu 19Mar24 Rep1B"
0.0137424,1074238,"Cu 19Mar24 Rep1B"
0.0137424,1001750,"Cu 19Mar24 Rep1B"
0.0137424,1002096,"Cu 19Mar24 Rep1B"
0.023888,1009152,"Cu 19Mar24 Rep1B"
0.023888,1031561,"Cu 19Mar24 Rep1B"
0.023888,929606,"Cu 19Mar24 Rep1B"
0.023888,966793,"Cu 19Mar24 Rep1B"
0.044776,906707,"Cu 19Mar24 Rep1B"
0.044776,997850,"Cu 19Mar24 Rep1B"
0.044776,975091,"Cu 19Mar24 Rep1B"
0.044776,983525,"Cu 19Mar24 Rep1B"
0.086552,797599,"Cu 19Mar24 Rep1B"
0.086552,746990,"Cu 19Mar24 Rep1B"
0.086552,793499,"Cu 19Mar24 Rep1B"
0.086552,783921,"Cu 19Mar24 Rep1B"
0.1707008,181042,"Cu 19Mar24 Rep1B"
0.1707008,165812,"Cu 19Mar24 Rep1B"
0.1707008,184654,"Cu 19Mar24 Rep1B"
0.1707008,153438,"Cu 19Mar24 Rep1B"
0.3389984,7389,"Cu 19Mar24 Rep1B"
0.3389984,8011,"Cu 19Mar24 Rep1B"
0.3389984,5392,"Cu 19Mar24 Rep1B"
0.3389984,6448,"Cu 19Mar24 Rep1B"
0.6744,408,"Cu 19Mar24 Rep1B"
0.6744,387,"Cu 19Mar24 Rep1B"
0.6744,802,"Cu 19Mar24 Rep1B"
0.6744,308,"Cu 19Mar24 Rep1B"
1.3458,177,"Cu 19Mar24 Rep1B"
1.3458,561,"Cu 19Mar24 Rep1B"
1.3458,22,"Cu 19Mar24 Rep1B"
1.3458,33,"Cu 19Mar24 Rep1B"
2.6886,1081,"Cu 19Mar24 Rep1B"
2.6886,66,"Cu 19Mar24 Rep1B"
2.6886,131,"Cu 19Mar24 Rep1B"
2.6886,864,"Cu 19Mar24 Rep1B"
5.3742,653,"Cu 19Mar24 Rep1B"
5.3742,132,"Cu 19Mar24 Rep1B"
5.3742,528,"Cu 19Mar24 Rep1B"
5.3742,43,"Cu 19Mar24 Rep1B"
0.003,987331,"Cu 19Mar24 Rep2B"
0.003,852402,"Cu 19Mar24 Rep2B"
0.003,830471,"Cu 19Mar24 Rep2B"
0.003,813618,"Cu 19Mar24 Rep2B"
0.0137424,770544,"Cu 19Mar24 Rep2B"
0.0137424,842009,"Cu 19Mar24 Rep2B"
0.0137424,739619,"Cu 19Mar24 Rep2B"
0.0137424,763890,"Cu 19Mar24 Rep2B"
0.023888,777995,"Cu 19Mar24 Rep2B"
0.023888,773954,"Cu 19Mar24 Rep2B"
0.023888,705709,"Cu 19Mar24 Rep2B"
0.023888,784626,"Cu 19Mar24 Rep2B"
0.044776,687332,"Cu 19Mar24 Rep2B"
0.044776,679363,"Cu 19Mar24 Rep2B"
0.044776,750592,"Cu 19Mar24 Rep2B"
0.044776,746348,"Cu 19Mar24 Rep2B"
0.086552,608639,"Cu 19Mar24 Rep2B"
0.086552,605416,"Cu 19Mar24 Rep2B"
0.086552,603805,"Cu 19Mar24 Rep2B"
0.086552,607078,"Cu 19Mar24 Rep2B"
0.1707008,116749,"Cu 19Mar24 Rep2B"
0.1707008,144759,"Cu 19Mar24 Rep2B"
0.1707008,137867,"Cu 19Mar24 Rep2B"
0.1707008,105019,"Cu 19Mar24 Rep2B"
0.3389984,4033,"Cu 19Mar24 Rep2B"
0.3389984,5055,"Cu 19Mar24 Rep2B"
0.3389984,3082,"Cu 19Mar24 Rep2B"
0.3389984,4051,"Cu 19Mar24 Rep2B"
0.6744,474,"Cu 19Mar24 Rep2B"
0.6744,363,"Cu 19Mar24 Rep2B"
0.6744,533,"Cu 19Mar24 Rep2B"
0.6744,81,"Cu 19Mar24 Rep2B"
1.3458,81,"Cu 19Mar24 Rep2B"
1.3458,81,"Cu 19Mar24 Rep2B"
1.3458,81,"Cu 19Mar24 Rep2B"
1.3458,81,"Cu 19Mar24 Rep2B"
2.6886,81,"Cu 19Mar24 Rep2B"
2.6886,81,"Cu 19Mar24 Rep2B"
2.6886,81,"Cu 19Mar24 Rep2B"
2.6886,81,"Cu 19Mar24 Rep2B"
5.3742,110,"Cu 19Mar24 Rep2B"
5.3742,1192,"Cu 19Mar24 Rep2B"
5.3742,81,"Cu 19Mar24 Rep2B"
5.3742,401,"Cu 19Mar24 Rep2B"
0.003,873309,"Cu 19Mar24 Rep3A"
0.003,890027,"Cu 19Mar24 Rep3A"
0.003,879505,"Cu 19Mar24 Rep3A"
0.003,849589,"Cu 19Mar24 Rep3A"
0.0137424,840768,"Cu 19Mar24 Rep3A"
0.0137424,962744,"Cu 19Mar24 Rep3A"
0.0137424,769298,"Cu 19Mar24 Rep3A"
0.0137424,778863,"Cu 19Mar24 Rep3A"
0.023888,763778,"Cu 19Mar24 Rep3A"
0.023888,836617,"Cu 19Mar24 Rep3A"
0.023888,747906,"Cu 19Mar24 Rep3A"
0.023888,803735,"Cu 19Mar24 Rep3A"
0.044776,811663,"Cu 19Mar24 Rep3A"
0.044776,732222,"Cu 19Mar24 Rep3A"
0.044776,774457,"Cu 19Mar24 Rep3A"
0.044776,774800,"Cu 19Mar24 Rep3A"
0.086552,624988,"Cu 19Mar24 Rep3A"
0.086552,633303,"Cu 19Mar24 Rep3A"
0.086552,624004,"Cu 19Mar24 Rep3A"
0.086552,684062,"Cu 19Mar24 Rep3A"
0.1707008,146974,"Cu 19Mar24 Rep3A"
0.1707008,171619,"Cu 19Mar24 Rep3A"
0.1707008,131204,"Cu 19Mar24 Rep3A"
0.1707008,147596,"Cu 19Mar24 Rep3A"
0.3389984,6896,"Cu 19Mar24 Rep3A"
0.3389984,7706,"Cu 19Mar24 Rep3A"
0.3389984,5027,"Cu 19Mar24 Rep3A"
0.3389984,5384,"Cu 19Mar24 Rep3A"
0.6744,1408,"Cu 19Mar24 Rep3A"
0.6744,999,"Cu 19Mar24 Rep3A"
0.6744,1654,"Cu 19Mar24 Rep3A"
0.6744,808,"Cu 19Mar24 Rep3A"
1.3458,114,"Cu 19Mar24 Rep3A"
1.3458,114,"Cu 19Mar24 Rep3A"
1.3458,114,"Cu 19Mar24 Rep3A"
1.3458,114,"Cu 19Mar24 Rep3A"
2.6886,573,"Cu 19Mar24 Rep3A"
2.6886,748,"Cu 19Mar24 Rep3A"
2.6886,114,"Cu 19Mar24 Rep3A"
2.6886,114,"Cu 19Mar24 Rep3A"
5.3742,114,"Cu 19Mar24 Rep3A"
5.3742,483,"Cu 19Mar24 Rep3A"
5.3742,670,"Cu 19Mar24 Rep3A"
5.3742,603,"Cu 19Mar24 Rep3A"
0.003,435297,"Cu 19Mar24 Rep4A"
0.003,428645,"Cu 19Mar24 Rep4A"
0.003,421407,"Cu 19Mar24 Rep4A"
0.003,442084,"Cu 19Mar24 Rep4A"
0.0137424,389233,"Cu 19Mar24 Rep4A"
0.0137424,413628,"Cu 19Mar24 Rep4A"
0.0137424,385477,"Cu 19Mar24 Rep4A"
0.0137424,387545,"Cu 19Mar24 Rep4A"
0.023888,371645,"Cu 19Mar24 Rep4A"
0.023888,422301,"Cu 19Mar24 Rep4A"
0.023888,363823,"Cu 19Mar24 Rep4A"
0.023888,340889,"Cu 19Mar24 Rep4A"
0.044776,376294,"Cu 19Mar24 Rep4A"
0.044776,363291,"Cu 19Mar24 Rep4A"
0.044776,393986,"Cu 19Mar24 Rep4A"
0.044776,419859,"Cu 19Mar24 Rep4A"
0.086552,317321,"Cu 19Mar24 Rep4A"
0.086552,294878,"Cu 19Mar24 Rep4A"
0.086552,292746,"Cu 19Mar24 Rep4A"
0.086552,320126,"Cu 19Mar24 Rep4A"
0.1707008,76143,"Cu 19Mar24 Rep4A"
0.1707008,75890,"Cu 19Mar24 Rep4A"
0.1707008,64460,"Cu 19Mar24 Rep4A"
0.1707008,63833,"Cu 19Mar24 Rep4A"
0.3389984,4125,"Cu 19Mar24 Rep4A"
0.3389984,4176,"Cu 19Mar24 Rep4A"
0.3389984,2999,"Cu 19Mar24 Rep4A"
0.3389984,2369,"Cu 19Mar24 Rep4A"
0.6744,1088,"Cu 19Mar24 Rep4A"
0.6744,572,"Cu 19Mar24 Rep4A"
0.6744,608,"Cu 19Mar24 Rep4A"
0.6744,223,"Cu 19Mar24 Rep4A"
1.3458,35,"Cu 19Mar24 Rep4A"
1.3458,111,"Cu 19Mar24 Rep4A"
1.3458,149,"Cu 19Mar24 Rep4A"
1.3458,172,"Cu 19Mar24 Rep4A"
2.6886,35,"Cu 19Mar24 Rep4A"
2.6886,725,"Cu 19Mar24 Rep4A"
2.6886,97,"Cu 19Mar24 Rep4A"
2.6886,35,"Cu 19Mar24 Rep4A"
5.3742,992,"Cu 19Mar24 Rep4A"
5.3742,856,"Cu 19Mar24 Rep4A"
5.3742,201,"Cu 19Mar24 Rep4A"
5.3742,860,"Cu 19Mar24 Rep4A"
0.002,255893,"Cu 1Oct24 Batch6_A1"
0.002,231725,"Cu 1Oct24 Batch6_A1"
0.002,218886,"Cu 1Oct24 Batch6_A1"
0.002,230227,"Cu 1Oct24 Batch6_A1"
0.0224768,199424,"Cu 1Oct24 Batch6_A1"
0.0224768,213710,"Cu 1Oct24 Batch6_A1"
0.0224768,226762,"Cu 1Oct24 Batch6_A1"
0.0224768,212661,"Cu 1Oct24 Batch6_A1"
0.041816,195673,"Cu 1Oct24 Batch6_A1"
0.041816,212780,"Cu 1Oct24 Batch6_A1"
0.041816,195665,"Cu 1Oct24 Batch6_A1"
0.041816,213432,"Cu 1Oct24 Batch6_A1"
0.081632,170210,"Cu 1Oct24 Batch6_A1"
0.081632,185602,"Cu 1Oct24 Batch6_A1"
0.081632,186856,"Cu 1Oct24 Batch6_A1"
0.081632,218708,"Cu 1Oct24 Batch6_A1"
0.161264,130724,"Cu 1Oct24 Batch6_A1"
0.161264,154591,"Cu 1Oct24 Batch6_A1"
0.161264,112398,"Cu 1Oct24 Batch6_A1"
0.161264,96577,"Cu 1Oct24 Batch6_A1"
0.3216656,14928,"Cu 1Oct24 Batch6_A1"
0.3216656,45364,"Cu 1Oct24 Batch6_A1"
0.3216656,32328,"Cu 1Oct24 Batch6_A1"
0.3216656,84232,"Cu 1Oct24 Batch6_A1"
0.6424688,124,"Cu 1Oct24 Batch6_A1"
0.6424688,8,"Cu 1Oct24 Batch6_A1"
0.6424688,8,"Cu 1Oct24 Batch6_A1"
0.6424688,361,"Cu 1Oct24 Batch6_A1"
1.2818,53,"Cu 1Oct24 Batch6_A1"
1.2818,1202,"Cu 1Oct24 Batch6_A1"
1.2818,815,"Cu 1Oct24 Batch6_A1"
1.2818,859,"Cu 1Oct24 Batch6_A1"
2.5616,8,"Cu 1Oct24 Batch6_A1"
2.5616,8,"Cu 1Oct24 Batch6_A1"
2.5616,8,"Cu 1Oct24 Batch6_A1"
2.5616,8,"Cu 1Oct24 Batch6_A1"
5.1212,8,"Cu 1Oct24 Batch6_A1"
5.1212,8,"Cu 1Oct24 Batch6_A1"
5.1212,106,"Cu 1Oct24 Batch6_A1"
5.1212,29,"Cu 1Oct24 Batch6_A1"
10.2404,8,"Cu 1Oct24 Batch6_A1"
10.2404,8,"Cu 1Oct24 Batch6_A1"
10.2404,8,"Cu 1Oct24 Batch6_A1"
10.2404,8,"Cu 1Oct24 Batch6_A1"
0.002,343865,"Cu 1Oct24 Batch6_A2"
0.002,354008,"Cu 1Oct24 Batch6_A2"
0.002,341420,"Cu 1Oct24 Batch6_A2"
0.002,328351,"Cu 1Oct24 Batch6_A2"
0.0224768,313663,"Cu 1Oct24 Batch6_A2"
0.0224768,296804,"Cu 1Oct24 Batch6_A2"
0.0224768,296247,"Cu 1Oct24 Batch6_A2"
0.0224768,279623,"Cu 1Oct24 Batch6_A2"
0.041816,305962,"Cu 1Oct24 Batch6_A2"
0.041816,277999,"Cu 1Oct24 Batch6_A2"
0.041816,289899,"Cu 1Oct24 Batch6_A2"
0.041816,292764,"Cu 1Oct24 Batch6_A2"
0.081632,256759,"Cu 1Oct24 Batch6_A2"
0.081632,285040,"Cu 1Oct24 Batch6_A2"
0.081632,256270,"Cu 1Oct24 Batch6_A2"
0.081632,290925,"Cu 1Oct24 Batch6_A2"
0.161264,208409,"Cu 1Oct24 Batch6_A2"
0.161264,185066,"Cu 1Oct24 Batch6_A2"
0.161264,188905,"Cu 1Oct24 Batch6_A2"
0.161264,216335,"Cu 1Oct24 Batch6_A2"
0.3216656,124840,"Cu 1Oct24 Batch6_A2"
0.3216656,169960,"Cu 1Oct24 Batch6_A2"
0.3216656,71823,"Cu 1Oct24 Batch6_A2"
0.3216656,161247,"Cu 1Oct24 Batch6_A2"
0.6424688,10263,"Cu 1Oct24 Batch6_A2"
0.6424688,1812,"Cu 1Oct24 Batch6_A2"
0.6424688,1671,"Cu 1Oct24 Batch6_A2"
0.6424688,3029,"Cu 1Oct24 Batch6_A2"
1.2818,1414,"Cu 1Oct24 Batch6_A2"
1.2818,1648,"Cu 1Oct24 Batch6_A2"
1.2818,572,"Cu 1Oct24 Batch6_A2"
1.2818,1546,"Cu 1Oct24 Batch6_A2"
2.5616,3,"Cu 1Oct24 Batch6_A2"
2.5616,3,"Cu 1Oct24 Batch6_A2"
2.5616,3,"Cu 1Oct24 Batch6_A2"
2.5616,3,"Cu 1Oct24 Batch6_A2"
5.1212,3,"Cu 1Oct24 Batch6_A2"
5.1212,3,"Cu 1Oct24 Batch6_A2"
5.1212,3,"Cu 1Oct24 Batch6_A2"
5.1212,3,"Cu 1Oct24 Batch6_A2"
10.2404,3,"Cu 1Oct24 Batch6_A2"
10.2404,88,"Cu 1Oct24 Batch6_A2"
10.2404,3,"Cu 1Oct24 Batch6_A2"
10.2404,236,"Cu 1Oct24 Batch6_A2"
0.002,918663,"Cu 23Apr24 Rep10B"
0.002,1033890,"Cu 23Apr24 Rep10B"
0.002,864649,"Cu 23Apr24 Rep10B"
0.002,901835,"Cu 23Apr24 Rep10B"
0.0099632,926930,"Cu 23Apr24 Rep10B"
0.0099632,953303,"Cu 23Apr24 Rep10B"
0.0099632,796158,"Cu 23Apr24 Rep10B"
0.0099632,821183,"Cu 23Apr24 Rep10B"
0.017484,897233,"Cu 23Apr24 Rep10B"
0.017484,917001,"Cu 23Apr24 Rep10B"
0.017484,760704,"Cu 23Apr24 Rep10B"
0.017484,829298,"Cu 23Apr24 Rep10B"
0.032968,784333,"Cu 23Apr24 Rep10B"
0.032968,748894,"Cu 23Apr24 Rep10B"
0.032968,769040,"Cu 23Apr24 Rep10B"
0.032968,812335,"Cu 23Apr24 Rep10B"
0.063936,503471,"Cu 23Apr24 Rep10B"
0.063936,557466,"Cu 23Apr24 Rep10B"
0.063936,626729,"Cu 23Apr24 Rep10B"
0.063936,605293,"Cu 23Apr24 Rep10B"
0.1263144,88843,"Cu 23Apr24 Rep10B"
0.1263144,130835,"Cu 23Apr24 Rep10B"
0.1263144,88833,"Cu 23Apr24 Rep10B"
0.1263144,79586,"Cu 23Apr24 Rep10B"
0.2510712,425,"Cu 23Apr24 Rep10B"
0.2510712,2537,"Cu 23Apr24 Rep10B"
0.2510712,3621,"Cu 23Apr24 Rep10B"
0.2510712,3056,"Cu 23Apr24 Rep10B"
0.4997,1575,"Cu 23Apr24 Rep10B"
0.4997,3505,"Cu 23Apr24 Rep10B"
0.4997,703,"Cu 23Apr24 Rep10B"
0.4997,2369,"Cu 23Apr24 Rep10B"
0.9974,41,"Cu 23Apr24 Rep10B"
0.9974,171,"Cu 23Apr24 Rep10B"
0.9974,68,"Cu 23Apr24 Rep10B"
0.9974,753,"Cu 23Apr24 Rep10B"
1.9928,302,"Cu 23Apr24 Rep10B"
1.9928,41,"Cu 23Apr24 Rep10B"
1.9928,41,"Cu 23Apr24 Rep10B"
1.9928,444,"Cu 23Apr24 Rep10B"
3.9836,982,"Cu 23Apr24 Rep10B"
3.9836,219,"Cu 23Apr24 Rep10B"
3.9836,141,"Cu 23Apr24 Rep10B"
3.9836,490,"Cu 23Apr24 Rep10B"
0.002,572961,"Cu 23Apr24 Rep6B"
0.002,564912,"Cu 23Apr24 Rep6B"
0.002,546221,"Cu 23Apr24 Rep6B"
0.002,538391,"Cu 23Apr24 Rep6B"
0.0099632,503496,"Cu 23Apr24 Rep6B"
0.0099632,542275,"Cu 23Apr24 Rep6B"
0.0099632,467910,"Cu 23Apr24 Rep6B"
0.0099632,492532,"Cu 23Apr24 Rep6B"
0.017484,538745,"Cu 23Apr24 Rep6B"
0.017484,504137,"Cu 23Apr24 Rep6B"
0.017484,499119,"Cu 23Apr24 Rep6B"
0.017484,479414,"Cu 23Apr24 Rep6B"
0.032968,438750,"Cu 23Apr24 Rep6B"
0.032968,462853,"Cu 23Apr24 Rep6B"
0.032968,451852,"Cu 23Apr24 Rep6B"
0.032968,421143,"Cu 23Apr24 Rep6B"
0.063936,341504,"Cu 23Apr24 Rep6B"
0.063936,398126,"Cu 23Apr24 Rep6B"
0.063936,375788,"Cu 23Apr24 Rep6B"
0.063936,332994,"Cu 23Apr24 Rep6B"
0.1263144,113987,"Cu 23Apr24 Rep6B"
0.1263144,160991,"Cu 23Apr24 Rep6B"
0.1263144,94315,"Cu 23Apr24 Rep6B"
0.1263144,143046,"Cu 23Apr24 Rep6B"
0.2510712,3384,"Cu 23Apr24 Rep6B"
0.2510712,1775,"Cu 23Apr24 Rep6B"
0.2510712,11316,"Cu 23Apr24 Rep6B"
0.2510712,1950,"Cu 23Apr24 Rep6B"
0.4997,2010,"Cu 23Apr24 Rep6B"
0.4997,43,"Cu 23Apr24 Rep6B"
0.4997,43,"Cu 23Apr24 Rep6B"
0.4997,43,"Cu 23Apr24 Rep6B"
0.9974,43,"Cu 23Apr24 Rep6B"
0.9974,43,"Cu 23Apr24 Rep6B"
0.9974,43,"Cu 23Apr24 Rep6B"
0.9974,43,"Cu 23Apr24 Rep6B"
1.9928,43,"Cu 23Apr24 Rep6B"
1.9928,43,"Cu 23Apr24 Rep6B"
1.9928,151,"Cu 23Apr24 Rep6B"
1.9928,43,"Cu 23Apr24 Rep6B"
3.9836,43,"Cu 23Apr24 Rep6B"
3.9836,94,"Cu 23Apr24 Rep6B"
3.9836,43,"Cu 23Apr24 Rep6B"
3.9836,605,"Cu 23Apr24 Rep6B"
0.002,838928,"Cu 23Apr24 Rep7B"
0.002,949464,"Cu 23Apr24 Rep7B"
0.002,901116,"Cu 23Apr24 Rep7B"
0.002,831331,"Cu 23Apr24 Rep7B"
0.0099632,825172,"Cu 23Apr24 Rep7B"
0.0099632,812319,"Cu 23Apr24 Rep7B"
0.0099632,777164,"Cu 23Apr24 Rep7B"
0.0099632,856227,"Cu 23Apr24 Rep7B"
0.017484,816936,"Cu 23Apr24 Rep7B"
0.017484,779796,"Cu 23Apr24 Rep7B"
0.017484,827649,"Cu 23Apr24 Rep7B"
0.017484,793874,"Cu 23Apr24 Rep7B"
0.032968,699036,"Cu 23Apr24 Rep7B"
0.032968,676486,"Cu 23Apr24 Rep7B"
0.032968,782554,"Cu 23Apr24 Rep7B"
0.032968,737651,"Cu 23Apr24 Rep7B"
0.063936,547625,"Cu 23Apr24 Rep7B"
0.063936,608131,"Cu 23Apr24 Rep7B"
0.063936,949464,"Cu 23Apr24 Rep7B"
0.063936,620779,"Cu 23Apr24 Rep7B"
0.1263144,151635,"Cu 23Apr24 Rep7B"
0.1263144,178423,"Cu 23Apr24 Rep7B"
0.1263144,214104,"Cu 23Apr24 Rep7B"
0.1263144,135440,"Cu 23Apr24 Rep7B"
0.2510712,2636,"Cu 23Apr24 Rep7B"
0.2510712,2735,"Cu 23Apr24 Rep7B"
0.2510712,15066,"Cu 23Apr24 Rep7B"
0.2510712,7893,"Cu 23Apr24 Rep7B"
0.4997,24,"Cu 23Apr24 Rep7B"
0.4997,309,"Cu 23Apr24 Rep7B"
0.4997,834,"Cu 23Apr24 Rep7B"
0.4997,3169,"Cu 23Apr24 Rep7B"
0.9974,24,"Cu 23Apr24 Rep7B"
0.9974,123,"Cu 23Apr24 Rep7B"
0.9974,24,"Cu 23Apr24 Rep7B"
0.9974,24,"Cu 23Apr24 Rep7B"
1.9928,751,"Cu 23Apr24 Rep7B"
1.9928,24,"Cu 23Apr24 Rep7B"
1.9928,24,"Cu 23Apr24 Rep7B"
1.9928,195,"Cu 23Apr24 Rep7B"
3.9836,24,"Cu 23Apr24 Rep7B"
3.9836,24,"Cu 23Apr24 Rep7B"
3.9836,24,"Cu 23Apr24 Rep7B"
3.9836,24,"Cu 23Apr24 Rep7B"
0.002,468445,"Cu 23Apr24 Rep8B"
0.002,505492,"Cu 23Apr24 Rep8B"
0.002,440217,"Cu 23Apr24 Rep8B"
0.002,483593,"Cu 23Apr24 Rep8B"
0.0099632,405416,"Cu 23Apr24 Rep8B"
0.0099632,460782,"Cu 23Apr24 Rep8B"
0.0099632,415202,"Cu 23Apr24 Rep8B"
0.0099632,437056,"Cu 23Apr24 Rep8B"
0.017484,396678,"Cu 23Apr24 Rep8B"
0.017484,412072,"Cu 23Apr24 Rep8B"
0.017484,423142,"Cu 23Apr24 Rep8B"
0.017484,439322,"Cu 23Apr24 Rep8B"
0.032968,397080,"Cu 23Apr24 Rep8B"
0.032968,414153,"Cu 23Apr24 Rep8B"
0.032968,376836,"Cu 23Apr24 Rep8B"
0.032968,400826,"Cu 23Apr24 Rep8B"
0.063936,311536,"Cu 23Apr24 Rep8B"
0.063936,294836,"Cu 23Apr24 Rep8B"
0.063936,340876,"Cu 23Apr24 Rep8B"
0.063936,321371,"Cu 23Apr24 Rep8B"
0.1263144,86000,"Cu 23Apr24 Rep8B"
0.1263144,79388,"Cu 23Apr24 Rep8B"
0.1263144,87123,"Cu 23Apr24 Rep8B"
0.1263144,90836,"Cu 23Apr24 Rep8B"
0.2510712,1091,"Cu 23Apr24 Rep8B"
0.2510712,2959,"Cu 23Apr24 Rep8B"
0.2510712,6003,"Cu 23Apr24 Rep8B"
0.2510712,3936,"Cu 23Apr24 Rep8B"
0.4997,1602,"Cu 23Apr24 Rep8B"
0.4997,358,"Cu 23Apr24 Rep8B"
0.4997,268,"Cu 23Apr24 Rep8B"
0.4997,260,"Cu 23Apr24 Rep8B"
0.9974,295,"Cu 23Apr24 Rep8B"
0.9974,38,"Cu 23Apr24 Rep8B"
0.9974,38,"Cu 23Apr24 Rep8B"
0.9974,38,"Cu 23Apr24 Rep8B"
1.9928,38,"Cu 23Apr24 Rep8B"
1.9928,1706,"Cu 23Apr24 Rep8B"
1.9928,38,"Cu 23Apr24 Rep8B"
1.9928,258,"Cu 23Apr24 Rep8B"
3.9836,199,"Cu 23Apr24 Rep8B"
3.9836,38,"Cu 23Apr24 Rep8B"
3.9836,38,"Cu 23Apr24 Rep8B"
3.9836,38,"Cu 23Apr24 Rep8B"
0.002,745560,"Cu 23Apr24 Rep9B"
0.002,801540,"Cu 23Apr24 Rep9B"
0.002,747152,"Cu 23Apr24 Rep9B"
0.002,782587,"Cu 23Apr24 Rep9B"
0.0099632,739759,"Cu 23Apr24 Rep9B"
0.0099632,715614,"Cu 23Apr24 Rep9B"
0.0099632,684057,"Cu 23Apr24 Rep9B"
0.0099632,678239,"Cu 23Apr24 Rep9B"
0.017484,694789,"Cu 23Apr24 Rep9B"
0.017484,721238,"Cu 23Apr24 Rep9B"
0.017484,665955,"Cu 23Apr24 Rep9B"
0.017484,681065,"Cu 23Apr24 Rep9B"
0.032968,627942,"Cu 23Apr24 Rep9B"
0.032968,648957,"Cu 23Apr24 Rep9B"
0.032968,625854,"Cu 23Apr24 Rep9B"
0.032968,590158,"Cu 23Apr24 Rep9B"
0.063936,466542,"Cu 23Apr24 Rep9B"
0.063936,547282,"Cu 23Apr24 Rep9B"
0.063936,515814,"Cu 23Apr24 Rep9B"
0.063936,522313,"Cu 23Apr24 Rep9B"
0.1263144,113740,"Cu 23Apr24 Rep9B"
0.1263144,129074,"Cu 23Apr24 Rep9B"
0.1263144,116504,"Cu 23Apr24 Rep9B"
0.1263144,138211,"Cu 23Apr24 Rep9B"
0.2510712,20250,"Cu 23Apr24 Rep9B"
0.2510712,22874,"Cu 23Apr24 Rep9B"
0.2510712,1402,"Cu 23Apr24 Rep9B"
0.2510712,7302,"Cu 23Apr24 Rep9B"
0.4997,609,"Cu 23Apr24 Rep9B"
0.4997,2256,"Cu 23Apr24 Rep9B"
0.4997,271,"Cu 23Apr24 Rep9B"
0.4997,954,"Cu 23Apr24 Rep9B"
0.9974,14,"Cu 23Apr24 Rep9B"
0.9974,14,"Cu 23Apr24 Rep9B"
0.9974,14,"Cu 23Apr24 Rep9B"
0.9974,381,"Cu 23Apr24 Rep9B"
1.9928,14,"Cu 23Apr24 Rep9B"
1.9928,85,"Cu 23Apr24 Rep9B"
1.9928,14,"Cu 23Apr24 Rep9B"
1.9928,698,"Cu 23Apr24 Rep9B"
3.9836,587,"Cu 23Apr24 Rep9B"
3.9836,851,"Cu 23Apr24 Rep9B"
3.9836,566,"Cu 23Apr24 Rep9B"
3.9836,178,"Cu 23Apr24 Rep9B"
0.004,1011859,"Cu 28Mar24 Rep1B"
0.004,949157,"Cu 28Mar24 Rep1B"
0.004,919565,"Cu 28Mar24 Rep1B"
0.004,898342,"Cu 28Mar24 Rep1B"
0.0125392,889053,"Cu 28Mar24 Rep1B"
0.0125392,917184,"Cu 28Mar24 Rep1B"
0.0125392,835629,"Cu 28Mar24 Rep1B"
0.0125392,848494,"Cu 28Mar24 Rep1B"
0.020604,847843,"Cu 28Mar24 Rep1B"
0.020604,885076,"Cu 28Mar24 Rep1B"
0.020604,845474,"Cu 28Mar24 Rep1B"
0.020604,857887,"Cu 28Mar24 Rep1B"
0.037208,863453,"Cu 28Mar24 Rep1B"
0.037208,830366,"Cu 28Mar24 Rep1B"
0.037208,805987,"Cu 28Mar24 Rep1B"
0.037208,851217,"Cu 28Mar24 Rep1B"
0.070416,707341,"Cu 28Mar24 Rep1B"
0.070416,643242,"Cu 28Mar24 Rep1B"
0.070416,732367,"Cu 28Mar24 Rep1B"
0.070416,683044,"Cu 28Mar24 Rep1B"
0.1373064,506678,"Cu 28Mar24 Rep1B"
0.1373064,617941,"Cu 28Mar24 Rep1B"
0.1373064,372793,"Cu 28Mar24 Rep1B"
0.1373064,417201,"Cu 28Mar24 Rep1B"
0.2710872,5624,"Cu 28Mar24 Rep1B"
0.2710872,9053,"Cu 28Mar24 Rep1B"
0.2710872,20867,"Cu 28Mar24 Rep1B"
0.2710872,18596,"Cu 28Mar24 Rep1B"
0.5377,2807,"Cu 28Mar24 Rep1B"
0.5377,2067,"Cu 28Mar24 Rep1B"
0.5377,1833,"Cu 28Mar24 Rep1B"
0.5377,2174,"Cu 28Mar24 Rep1B"
1.0714,76,"Cu 28Mar24 Rep1B"
1.0714,111,"Cu 28Mar24 Rep1B"
1.0714,19,"Cu 28Mar24 Rep1B"
1.0714,243,"Cu 28Mar24 Rep1B"
2.1388,2289,"Cu 28Mar24 Rep1B"
2.1388,173,"Cu 28Mar24 Rep1B"
2.1388,377,"Cu 28Mar24 Rep1B"
2.1388,1504,"Cu 28Mar24 Rep1B"
4.2736,419,"Cu 28Mar24 Rep1B"
4.2736,93,"Cu 28Mar24 Rep1B"
4.2736,283,"Cu 28Mar24 Rep1B"
4.2736,503,"Cu 28Mar24 Rep1B"
0.004,962307,"Cu 28Mar24 Rep2B"
0.004,982041,"Cu 28Mar24 Rep2B"
0.004,956904,"Cu 28Mar24 Rep2B"
0.004,951709,"Cu 28Mar24 Rep2B"
0.0125392,933553,"Cu 28Mar24 Rep2B"
0.0125392,907467,"Cu 28Mar24 Rep2B"
0.0125392,881653,"Cu 28Mar24 Rep2B"
0.0125392,891888,"Cu 28Mar24 Rep2B"
0.020604,922843,"Cu 28Mar24 Rep2B"
0.020604,892277,"Cu 28Mar24 Rep2B"
0.020604,894763,"Cu 28Mar24 Rep2B"
0.020604,833803,"Cu 28Mar24 Rep2B"
0.037208,745130,"Cu 28Mar24 Rep2B"
0.037208,831785,"Cu 28Mar24 Rep2B"
0.037208,783671,"Cu 28Mar24 Rep2B"
0.037208,853873,"Cu 28Mar24 Rep2B"
0.070416,718570,"Cu 28Mar24 Rep2B"
0.070416,799644,"Cu 28Mar24 Rep2B"
0.070416,725153,"Cu 28Mar24 Rep2B"
0.070416,688827,"Cu 28Mar24 Rep2B"
0.1373064,473625,"Cu 28Mar24 Rep2B"
0.1373064,482888,"Cu 28Mar24 Rep2B"
0.1373064,558855,"Cu 28Mar24 Rep2B"
0.1373064,395215,"Cu 28Mar24 Rep2B"
0.2710872,24079,"Cu 28Mar24 Rep2B"
0.2710872,42913,"Cu 28Mar24 Rep2B"
0.2710872,10527,"Cu 28Mar24 Rep2B"
0.2710872,13841,"Cu 28Mar24 Rep2B"
0.5377,2950,"Cu 28Mar24 Rep2B"
0.5377,3287,"Cu 28Mar24 Rep2B"
0.5377,7785,"Cu 28Mar24 Rep2B"
0.5377,5029,"Cu 28Mar24 Rep2B"
1.0714,21,"Cu 28Mar24 Rep2B"
1.0714,372,"Cu 28Mar24 Rep2B"
1.0714,531,"Cu 28Mar24 Rep2B"
1.0714,19,"Cu 28Mar24 Rep2B"
2.1388,19,"Cu 28Mar24 Rep2B"
2.1388,19,"Cu 28Mar24 Rep2B"
2.1388,465,"Cu 28Mar24 Rep2B"
2.1388,19,"Cu 28Mar24 Rep2B"
4.2736,19,"Cu 28Mar24 Rep2B"
4.2736,608,"Cu 28Mar24 Rep2B"
4.2736,285,"Cu 28Mar24 Rep2B"
4.2736,19,"Cu 28Mar24 Rep2B"
0.002,924893,"Cu 5Apr24 Rep3B"
0.002,970974,"Cu 5Apr24 Rep3B"
0.002,943445,"Cu 5Apr24 Rep3B"
0.002,910141,"Cu 5Apr24 Rep3B"
0.0125552,877706,"Cu 5Apr24 Rep3B"
0.0125552,923231,"Cu 5Apr24 Rep3B"
0.0125552,851004,"Cu 5Apr24 Rep3B"
0.0125552,898436,"Cu 5Apr24 Rep3B"
0.022524,878359,"Cu 5Apr24 Rep3B"
0.022524,866058,"Cu 5Apr24 Rep3B"
0.022524,834040,"Cu 5Apr24 Rep3B"
0.022524,876585,"Cu 5Apr24 Rep3B"
0.043048,849009,"Cu 5Apr24 Rep3B"
0.043048,828504,"Cu 5Apr24 Rep3B"
0.043048,875222,"Cu 5Apr24 Rep3B"
0.043048,838153,"Cu 5Apr24 Rep3B"
0.084096,691820,"Cu 5Apr24 Rep3B"
0.084096,695520,"Cu 5Apr24 Rep3B"
0.084096,728911,"Cu 5Apr24 Rep3B"
0.084096,757846,"Cu 5Apr24 Rep3B"
0.1667784,237466,"Cu 5Apr24 Rep3B"
0.1667784,329532,"Cu 5Apr24 Rep3B"
0.1667784,180266,"Cu 5Apr24 Rep3B"
0.1667784,347385,"Cu 5Apr24 Rep3B"
0.3321432,9881,"Cu 5Apr24 Rep3B"
0.3321432,11677,"Cu 5Apr24 Rep3B"
0.3321432,11681,"Cu 5Apr24 Rep3B"
0.3321432,15204,"Cu 5Apr24 Rep3B"
0.6617,2102,"Cu 5Apr24 Rep3B"
0.6617,2683,"Cu 5Apr24 Rep3B"
0.6617,976,"Cu 5Apr24 Rep3B"
0.6617,1341,"Cu 5Apr24 Rep3B"
1.3214,215,"Cu 5Apr24 Rep3B"
1.3214,542,"Cu 5Apr24 Rep3B"
1.3214,10,"Cu 5Apr24 Rep3B"
1.3214,284,"Cu 5Apr24 Rep3B"
2.6408,10,"Cu 5Apr24 Rep3B"
2.6408,10,"Cu 5Apr24 Rep3B"
2.6408,423,"Cu 5Apr24 Rep3B"
2.6408,10,"Cu 5Apr24 Rep3B"
5.2796,10,"Cu 5Apr24 Rep3B"
5.2796,10,"Cu 5Apr24 Rep3B"
5.2796,590,"Cu 5Apr24 Rep3B"
5.2796,128,"Cu 5Apr24 Rep3B"
0.002,718392,"Cu 5Apr24 Rep4B"
0.002,786634,"Cu 5Apr24 Rep4B"
0.002,719234,"Cu 5Apr24 Rep4B"
0.002,729074,"Cu 5Apr24 Rep4B"
0.0125552,631486,"Cu 5Apr24 Rep4B"
0.0125552,686102,"Cu 5Apr24 Rep4B"
0.0125552,629568,"Cu 5Apr24 Rep4B"
0.0125552,642057,"Cu 5Apr24 Rep4B"
0.022524,579323,"Cu 5Apr24 Rep4B"
0.022524,631091,"Cu 5Apr24 Rep4B"
0.022524,603481,"Cu 5Apr24 Rep4B"
0.022524,616532,"Cu 5Apr24 Rep4B"
0.043048,586303,"Cu 5Apr24 Rep4B"
0.043048,572083,"Cu 5Apr24 Rep4B"
0.043048,572219,"Cu 5Apr24 Rep4B"
0.043048,549486,"Cu 5Apr24 Rep4B"
0.084096,397758,"Cu 5Apr24 Rep4B"
0.084096,442190,"Cu 5Apr24 Rep4B"
0.084096,367284,"Cu 5Apr24 Rep4B"
0.084096,401968,"Cu 5Apr24 Rep4B"
0.1667784,78900,"Cu 5Apr24 Rep4B"
0.1667784,49234,"Cu 5Apr24 Rep4B"
0.1667784,50997,"Cu 5Apr24 Rep4B"
0.1667784,51135,"Cu 5Apr24 Rep4B"
0.3321432,3428,"Cu 5Apr24 Rep4B"
0.3321432,2542,"Cu 5Apr24 Rep4B"
0.3321432,2117,"Cu 5Apr24 Rep4B"
0.3321432,4889,"Cu 5Apr24 Rep4B"
0.6617,2268,"Cu 5Apr24 Rep4B"
0.6617,259,"Cu 5Apr24 Rep4B"
0.6617,6,"Cu 5Apr24 Rep4B"
0.6617,929,"Cu 5Apr24 Rep4B"
1.3214,6,"Cu 5Apr24 Rep4B"
1.3214,6,"Cu 5Apr24 Rep4B"
1.3214,1245,"Cu 5Apr24 Rep4B"
1.3214,26,"Cu 5Apr24 Rep4B"
2.6408,6,"Cu 5Apr24 Rep4B"
2.6408,6,"Cu 5Apr24 Rep4B"
2.6408,6,"Cu 5Apr24 Rep4B"
2.6408,6,"Cu 5Apr24 Rep4B"
5.2796,40,"Cu 5Apr24 Rep4B"
5.2796,1219,"Cu 5Apr24 Rep4B"
5.2796,6,"Cu 5Apr24 Rep4B"
5.2796,196,"Cu 5Apr24 Rep4B"
0.002,828785,"Cu 5Apr24 Rep5B"
0.002,710561,"Cu 5Apr24 Rep5B"
0.002,758438,"Cu 5Apr24 Rep5B"
0.002,678984,"Cu 5Apr24 Rep5B"
0.0125552,670891,"Cu 5Apr24 Rep5B"
0.0125552,697808,"Cu 5Apr24 Rep5B"
0.0125552,624708,"Cu 5Apr24 Rep5B"
0.0125552,614552,"Cu 5Apr24 Rep5B"
0.022524,662128,"Cu 5Apr24 Rep5B"
0.022524,631880,"Cu 5Apr24 Rep5B"
0.022524,644247,"Cu 5Apr24 Rep5B"
0.022524,614914,"Cu 5Apr24 Rep5B"
0.043048,613544,"Cu 5Apr24 Rep5B"
0.043048,589709,"Cu 5Apr24 Rep5B"
0.043048,580509,"Cu 5Apr24 Rep5B"
0.043048,533139,"Cu 5Apr24 Rep5B"
0.084096,414173,"Cu 5Apr24 Rep5B"
0.084096,445762,"Cu 5Apr24 Rep5B"
0.084096,418695,"Cu 5Apr24 Rep5B"
0.084096,440182,"Cu 5Apr24 Rep5B"
0.1667784,139296,"Cu 5Apr24 Rep5B"
0.1667784,111087,"Cu 5Apr24 Rep5B"
0.1667784,82569,"Cu 5Apr24 Rep5B"
0.1667784,80505,"Cu 5Apr24 Rep5B"
0.3321432,5969,"Cu 5Apr24 Rep5B"
0.3321432,5895,"Cu 5Apr24 Rep5B"
0.3321432,1920,"Cu 5Apr24 Rep5B"
0.3321432,1716,"Cu 5Apr24 Rep5B"
0.6617,1695,"Cu 5Apr24 Rep5B"
0.6617,2027,"Cu 5Apr24 Rep5B"
0.6617,1083,"Cu 5Apr24 Rep5B"
0.6617,1340,"Cu 5Apr24 Rep5B"
1.3214,12,"Cu 5Apr24 Rep5B"
1.3214,86,"Cu 5Apr24 Rep5B"
1.3214,377,"Cu 5Apr24 Rep5B"
1.3214,12,"Cu 5Apr24 Rep5B"
2.6408,12,"Cu 5Apr24 Rep5B"
2.6408,12,"Cu 5Apr24 Rep5B"
2.6408,12,"Cu 5Apr24 Rep5B"
2.6408,12,"Cu 5Apr24 Rep5B"
5.2796,650,"Cu 5Apr24 Rep5B"
5.2796,12,"Cu 5Apr24 Rep5B"
5.2796,12,"Cu 5Apr24 Rep5B"
5.2796,207,"Cu 5Apr24 Rep5B"
