"herbicide","model","wi","dpar","link","parameter","Estimate","Q2.5","Q97.5"
"ametryn","ecx4param",0.408745479271508,"mu","identity","top",0.703295425,0.67395185925,0.735939537
"ametryn","ecx4param",0.408745479271508,"mu","identity","bot",0.00875855265,0.0056130945775,0.01261903175
"ametryn","ecx4param",0.408745479271508,"mu","identity","beta",0.259943865,0.1554487205,0.36296974825
"ametryn","ecx4param",0.408745479271508,"mu","identity","ec50",1.33467631931848,1.1611874599405,1.51207048522497
"ametryn","ecxll4",0.387299452432135,"mu","identity","top",0.702958885,0.6739097605,0.735418967
"ametryn","ecxll4",0.387299452432135,"mu","identity","bot",0.00878495715,0.0055766615125,0.012644361
"ametryn","ecxll4",0.387299452432135,"mu","identity","beta",0.26018674,0.1578529335,0.36951726
"ametryn","ecxll4",0.387299452432135,"mu","identity","ec50",1.33957987678353,1.16428916918224,1.51795909853459
"ametryn","ecxwb2",0.109096267740123,"mu","identity","top",0.65822519,0.63653984925,0.68173507975
"ametryn","ecxwb2",0.109096267740123,"mu","identity","bot",0.00714500235,0.00379167945,0.011187513475
"ametryn","ecxwb2",0.109096267740123,"mu","identity","beta",0.07253527,-0.03288424045,0.182560525
"ametryn","ecxwb2",0.109096267740123,"mu","identity","ec50",1.0037588061651,0.876079285131832,1.13851553075958
"ametryn","nec4param",0.0328117611598416,"mu","identity","top",0.646544735,0.62668040025,0.6663375065
"ametryn","nec4param",0.0328117611598416,"mu","identity","bot",0.0059650489,0.0023990909075,0.010162555275
"ametryn","nec4param",0.0328117611598416,"mu","identity","beta",-0.102321945,-0.19723620575,-0.00574756741
"ametryn","nec4param",0.0328117611598416,"mu","identity","nec",0.645684848426252,0.579286808637929,0.708457381408185
"ametryn","nec3param",0.0316307855757704,"mu","identity","top",0.646490735,0.62703376175,0.66617284325
"ametryn","nec3param",0.0316307855757704,"mu","identity","beta",-0.216456425,-0.28591142275,-0.15095835675
"ametryn","nec3param",0.0316307855757704,"mu","identity","nec",0.599513929259185,0.533300925066547,0.660085810348532
"ametryn","ecxwb2p3",0.0181809630479738,"mu","identity","top",0.67256092,0.64911233425,0.69792871475
"ametryn","ecxwb2p3",0.0181809630479738,"mu","identity","beta",-0.0884867485,-0.1604367945,-0.019823288325
"ametryn","ecxwb2p3",0.0181809630479738,"mu","identity","ec50",0.904167982136957,0.78629353805577,1.03133630922216
"ametryn","ecxwb1",0.0121752408793141,"mu","identity","top",0.83539269,0.76651721125,0.9186691695
"ametryn","ecxwb1",0.0121752408793141,"mu","identity","bot",0.012679903,0.00916625696,0.017053341175
"ametryn","ecxwb1",0.0121752408793141,"mu","identity","beta",-0.515297695,-0.66521615025,-0.36055038175
"ametryn","ecxwb1",0.0121752408793141,"mu","identity","ec50",1.67715221510103,1.31268729645125,2.06438897863629
"ametryn","ecxll3",6.00498933338882e-05,"mu","identity","top",0.753424855,0.71736630775,0.796140407
"ametryn","ecxll3",6.00498933338882e-05,"mu","identity","beta",0.0182891955,-0.0676025304,0.097305394525
"ametryn","ecxll3",6.00498933338882e-05,"mu","identity","ec50",1.12398750523906,0.931601788047415,1.32045532803252
"ametryn","ecxexp",2.8950794393221e-26,"mu","identity","top",0.28428609,0.26379300525,0.307779986
"ametryn","ecxexp",2.8950794393221e-26,"mu","identity","beta",-0.85659144,-0.94354973175,-0.7821826335
"ametryn","ecxwb1p3",1.30982473582031e-27,"mu","identity","top",0.976680845,0.928580842,0.99642946
"ametryn","ecxwb1p3",1.30982473582031e-27,"mu","identity","beta",-1.0827322,-1.17758701,-1.0048434
"ametryn","ecxwb1p3",1.30982473582031e-27,"mu","identity","ec50",1.24302900915696,1.02422179290993,1.55502131945618
"atrazine","ecxwb1",0.612680000071729,"mu","identity","top",0.632292055,0.61457463325,0.65153557025
"atrazine","ecxwb1",0.612680000071729,"mu","identity","bot",0.064111337,0.0538587522,0.07493516215
"atrazine","ecxwb1",0.612680000071729,"mu","identity","beta",-0.22840186,-0.35241565725,-0.11128549125
"atrazine","ecxwb1",0.612680000071729,"mu","identity","ec50",51.2769354654368,45.9108194816051,57.1153817187641
"atrazine","ecx4param",0.192686809636879,"mu","identity","top",0.61912232,0.60274636775,0.63595101375
"atrazine","ecx4param",0.192686809636879,"mu","identity","bot",0.0530078705,0.0389319577,0.06688856605
"atrazine","ecx4param",0.192686809636879,"mu","identity","beta",0.146897565,0.00198383261000001,0.29177268225
"atrazine","ecx4param",0.192686809636879,"mu","identity","ec50",32.3440652604926,28.6093494618809,36.4939371033996
"atrazine","ecxll4",0.187276389582389,"mu","identity","top",0.618879495,0.602860974,0.636355562
"atrazine","ecxll4",0.187276389582389,"mu","identity","bot",0.0527364875,0.03871437465,0.066400180325
"atrazine","ecxll4",0.187276389582389,"mu","identity","beta",0.148189645,0.0032453314025,0.28915581975
"atrazine","ecxll4",0.187276389582389,"mu","identity","ec50",32.4365443761038,28.5834320351645,36.6356033946833
"atrazine","ecxwb2p3",0.00242875139880717,"mu","identity","top",0.613725755,0.5976210005,0.630031069
"atrazine","ecxwb2p3",0.00242875139880717,"mu","identity","beta",-0.48440952,-0.572305778,-0.3954728595
"atrazine","ecxwb2p3",0.00242875139880717,"mu","identity","ec50",21.3896080778267,18.1832633987968,24.992079448695
"atrazine","ecxwb2",0.00206327999978283,"mu","identity","top",0.60446173,0.5896633375,0.62009711
"atrazine","ecxwb2",0.00206327999978283,"mu","identity","bot",0.0375191635,0.015948420225,0.056956154675
"atrazine","ecxwb2",0.00206327999978283,"mu","identity","beta",-0.228238985,-0.40861464875,-0.058084346275
"atrazine","ecxwb2",0.00206327999978283,"mu","identity","ec50",21.1138526855602,18.3098809445699,24.1329389815867
"atrazine","nec4param",0.00166152341246552,"mu","identity","top",0.601280225,0.586406987,0.6164040095
"atrazine","nec4param",0.00166152341246552,"mu","identity","bot",0.014712354,0.0027194981925,0.036883829425
"atrazine","nec4param",0.00166152341246552,"mu","identity","beta",-0.727685215,-0.82811991975,-0.59214747425
"atrazine","nec4param",0.00166152341246552,"mu","identity","nec",7.50131283594614,6.58856155359895,8.4548543866813
"atrazine","nec3param",0.000813306122903678,"mu","identity","top",0.601527635,0.58654764325,0.616094809
"atrazine","nec3param",0.000813306122903678,"mu","identity","beta",-0.80069814,-0.8797994825,-0.728338173
"atrazine","nec3param",0.000813306122903678,"mu","identity","nec",7.32327586232769,6.3539322153175,8.26045468786149
"atrazine","ecxll3",0.000389939772659531,"mu","identity","top",0.646454005,0.62610107675,0.66800834575
"atrazine","ecxll3",0.000389939772659531,"mu","identity","beta",-0.25238882,-0.343433245,-0.16132196375
"atrazine","ecxll3",0.000389939772659531,"mu","identity","ec50",37.5262767162709,31.7947644900459,43.8084438240373
"atrazine","ecxwb1p3",2.38420513552247e-12,"mu","identity","top",0.715868845,0.6761774855,0.7615252915
"atrazine","ecxwb1p3",2.38420513552247e-12,"mu","identity","beta",-0.94113533,-1.0660744475,-0.82306257125
"atrazine","ecxwb1p3",2.38420513552247e-12,"mu","identity","ec50",76.8468323095043,58.7523714731541,99.1194028343224
"atrazine","ecxexp",8.14530095219401e-36,"mu","identity","top",0.51863421,0.4881275465,0.54843643175
"atrazine","ecxexp",8.14530095219401e-36,"mu","identity","beta",-1.9111671,-2.0571305725,-1.78706108
"diuron","ecxll4",0.354363700008458,"mu","identity","top",0.712664395,0.6958583655,0.7303075425
"diuron","ecxll4",0.354363700008458,"mu","identity","bot",0.0187482085,0.008558038435,0.0283334629
"diuron","ecxll4",0.354363700008458,"mu","identity","beta",0.20513325,0.11786295325,0.290868308
"diuron","ecxll4",0.354363700008458,"mu","identity","ec50",1.84943203713772,1.71679081966264,1.98535168057135
"diuron","ecx4param",0.336257154103976,"mu","identity","top",0.712604065,0.695735065,0.72992919075
"diuron","ecx4param",0.336257154103976,"mu","identity","bot",0.018753351,0.009056265585,0.0286800847
"diuron","ecx4param",0.336257154103976,"mu","identity","beta",0.205397895,0.12282793075,0.29014708225
"diuron","ecx4param",0.336257154103976,"mu","identity","ec50",1.84974302681011,1.71820972989104,1.99846638509126
"diuron","ecxwb1",0.197693618007498,"mu","identity","top",0.764429095,0.73988596425,0.791701003
"diuron","ecxwb1",0.197693618007498,"mu","identity","bot",0.040730373,0.033909449575,0.047711568625
"diuron","ecxwb1",0.197693618007498,"mu","identity","beta",-0.29645216,-0.3852576615,-0.21065793325
"diuron","ecxwb1",0.197693618007498,"mu","identity","ec50",2.61789628349337,2.40347366497035,2.83614548019101
"diuron","ecxll3",0.111008724489148,"mu","identity","top",0.729281835,0.7122848745,0.74711332325
"diuron","ecxll3",0.111008724489148,"mu","identity","beta",0.0780882315,0.02695785715,0.1286711275
"diuron","ecxll3",0.111008724489148,"mu","identity","ec50",1.864356549793,1.71171730708092,2.02061702766653
"diuron","ecxwb2p3",0.000365938258958091,"mu","identity","top",0.680391025,0.66642097025,0.6949459155
"diuron","ecxwb2p3",0.000365938258958091,"mu","identity","beta",-0.123514745,-0.17742956,-0.0701373918
"diuron","ecxwb2p3",0.000365938258958091,"mu","identity","ec50",1.29717258990008,1.18471462861147,1.41392280588118
"diuron","ecxwb2",0.000310557251932591,"mu","identity","top",0.67793017,0.663814831,0.692049569
"diuron","ecxwb2",0.000310557251932591,"mu","identity","bot",0.0067091194,0.00112109903,0.0174574513
"diuron","ecxwb2",0.000310557251932591,"mu","identity","beta",-0.0810981235,-0.14970828425,0.00376059600749999
"diuron","ecxwb2",0.000310557251932591,"mu","identity","ec50",1.29989159172126,1.1896510359732,1.41619208072324
"diuron","nec3param",1.7409240492061e-07,"mu","identity","top",0.66888511,0.6550628015,0.68294965725
"diuron","nec3param",1.7409240492061e-07,"mu","identity","beta",-0.37341174,-0.430743052,-0.319437676
"diuron","nec3param",1.7409240492061e-07,"mu","identity","nec",0.661833758288292,0.608043679130527,0.712328573960423
"diuron","nec4param",1.33781886099961e-07,"mu","identity","top",0.668762735,0.65414754825,0.68267487975
"diuron","nec4param",1.33781886099961e-07,"mu","identity","bot",0.0056521946,0.0008676813405,0.0171280925
"diuron","nec4param",1.33781886099961e-07,"mu","identity","beta",-0.340424745,-0.4074870515,-0.2583617055
"diuron","nec4param",1.33781886099961e-07,"mu","identity","nec",0.670100163510685,0.614378082071733,0.722931211687953
"diuron","ecxwb1p3",5.73931508371752e-12,"mu","identity","top",0.8827714,0.831722334,0.94174360575
"diuron","ecxwb1p3",5.73931508371752e-12,"mu","identity","beta",-0.70753817,-0.799622243,-0.6180141085
"diuron","ecxwb1p3",5.73931508371752e-12,"mu","identity","ec50",2.40782455404846,1.98469015170031,2.8696632289643
"diuron","ecxexp",5.16507658270878e-39,"mu","identity","top",0.35307159,0.32833203525,0.3786196985
"diuron","ecxexp",5.16507658270878e-39,"mu","identity","beta",-1.09072495,-1.198787405,-0.99586663525
"hexazinone","ecxll3",0.648605152480863,"mu","identity","top",0.67083641,0.65574755875,0.685989875
"hexazinone","ecxll3",0.648605152480863,"mu","identity","beta",0.34262112,0.26599447875,0.4182054135
"hexazinone","ecxll3",0.648605152480863,"mu","identity","ec50",7.44347269481511,6.82155967811092,8.09560664479342
"hexazinone","ecxll4",0.130334422796212,"mu","identity","top",0.66893678,0.65338707525,0.68406272675
"hexazinone","ecxll4",0.130334422796212,"mu","identity","bot",0.006953913,0.0012192769725,0.0173926741
"hexazinone","ecxll4",0.130334422796212,"mu","identity","beta",0.38441556,0.29750895525,0.480183138
"hexazinone","ecxll4",0.130334422796212,"mu","identity","ec50",7.30846817640689,6.69524936571508,7.962794772464
"hexazinone","ecx4param",0.126165889953549,"mu","identity","top",0.668820645,0.65358452675,0.68434569025
"hexazinone","ecx4param",0.126165889953549,"mu","identity","bot",0.00694351625,0.0012810359775,0.017334230325
"hexazinone","ecx4param",0.126165889953549,"mu","identity","beta",0.383139015,0.2982629955,0.48034576175
"hexazinone","ecx4param",0.126165889953549,"mu","identity","ec50",7.31877709141194,6.6832251806084,7.95659653587866
"hexazinone","ecxwb2p3",0.0629630395457613,"mu","identity","top",0.653582645,0.63936614825,0.66790704975
"hexazinone","ecxwb2p3",0.0629630395457613,"mu","identity","beta",0.090682122,0.0117979867,0.165016384
"hexazinone","ecxwb2p3",0.0629630395457613,"mu","identity","ec50",5.03915218167668,4.57093732479359,5.5310872886727
"hexazinone","ecxwb2",0.0179600885482346,"mu","identity","top",0.653166365,0.63869493775,0.66735485625
"hexazinone","ecxwb2",0.0179600885482346,"mu","identity","bot",0.0046267443,0.000717138435,0.013753214975
"hexazinone","ecxwb2",0.0179600885482346,"mu","identity","beta",0.11643604,0.031554723,0.203962763
"hexazinone","ecxwb2",0.0179600885482346,"mu","identity","ec50",5.00834364184093,4.54819600878065,5.52319851186791
"hexazinone","ecxwb1p3",0.0130800847790605,"mu","identity","top",0.709644685,0.6860249205,0.735373141
"hexazinone","ecxwb1p3",0.0130800847790605,"mu","identity","beta",-0.27890984,-0.37962271875,-0.184663944
"hexazinone","ecxwb1p3",0.0130800847790605,"mu","identity","ec50",11.7665304651407,10.6174209456388,13.0218547181587
"hexazinone","ecxwb1",0.000834077657413071,"mu","identity","top",0.69276852,0.67270078325,0.71457802175
"hexazinone","ecxwb1",0.000834077657413071,"mu","identity","bot",0.018469272,0.009595799505,0.030138437325
"hexazinone","ecxwb1",0.000834077657413071,"mu","identity","beta",-0.12311232,-0.228730506,-0.020835636875
"hexazinone","ecxwb1",0.000834077657413071,"mu","identity","ec50",11.048973751148,9.97775455736926,12.1576461557779
"hexazinone","nec3param",4.84160623738292e-05,"mu","identity","top",0.65347636,0.6366443485,0.669492513
"hexazinone","nec3param",4.84160623738292e-05,"mu","identity","beta",-0.259076525,-0.335423966,-0.1874578935
"hexazinone","nec3param",4.84160623738292e-05,"mu","identity","nec",2.38429570775949,2.18061837539732,2.58007037861646
"hexazinone","nec4param",8.82817653205803e-06,"mu","identity","top",0.653454575,0.636062182,0.6698378435
"hexazinone","nec4param",8.82817653205803e-06,"mu","identity","bot",0.00491009575,0.000765386327,0.01568915225
"hexazinone","nec4param",8.82817653205803e-06,"mu","identity","beta",-0.234628445,-0.3162194175,-0.14914832975
"hexazinone","nec4param",8.82817653205803e-06,"mu","identity","nec",2.39383106825884,2.18893294059318,2.58690168000239
"hexazinone","ecxexp",1.65416394093928e-41,"mu","identity","top",0.454027195,0.41929210375,0.48807448575
"hexazinone","ecxexp",1.65416394093928e-41,"mu","identity","beta",-1.4874735,-1.6510421475,-1.34447943
"irgarol","ecxll4",0.344839446641351,"mu","identity","top",0.70580973,0.668948862,0.74844424725
"irgarol","ecxll4",0.344839446641351,"mu","identity","bot",0.00618629675,0.00363576503,0.0095708452775
"irgarol","ecxll4",0.344839446641351,"mu","identity","beta",0.574176435,0.4593833885,0.68551193725
"irgarol","ecxll4",0.344839446641351,"mu","identity","ec50",0.498292746645995,0.435926887463849,0.5612019011057
"irgarol","ecx4param",0.314180586632018,"mu","identity","top",0.70605153,0.668233479,0.7479211735
"irgarol","ecx4param",0.314180586632018,"mu","identity","bot",0.00620808155,0.0035815131325,0.009737926925
"irgarol","ecx4param",0.314180586632018,"mu","identity","beta",0.573941505,0.46746984725,0.687102736
"irgarol","ecx4param",0.314180586632018,"mu","identity","ec50",0.498472022306521,0.437828496307344,0.56333275581623
"irgarol","ecxwb1",0.306500717054117,"mu","identity","top",0.83725544,0.7627426285,0.92951168
"irgarol","ecxwb1",0.306500717054117,"mu","identity","bot",0.00862974045,0.0060157427275,0.01218204555
"irgarol","ecxwb1",0.306500717054117,"mu","identity","beta",-0.162912335,-0.310773589,-0.00590467085500005
"irgarol","ecxwb1",0.306500717054117,"mu","identity","ec50",0.597198804627817,0.490566237413398,0.702425967463826
"irgarol","ecxwb2",0.030764644510304,"mu","identity","top",0.668248675,0.6417059255,0.69536816275
"irgarol","ecxwb2",0.030764644510304,"mu","identity","bot",0.00513807485,0.0023781525425,0.0088689271775
"irgarol","ecxwb2",0.030764644510304,"mu","identity","beta",0.357667795,0.2723823215,0.44582862975
"irgarol","ecxwb2",0.030764644510304,"mu","identity","ec50",0.381321367567887,0.345708895710048,0.420214593918026
"irgarol","ecxwb2p3",0.00163812248913586,"mu","identity","top",0.6755585,0.6482805695,0.70424801975
"irgarol","ecxwb2p3",0.00163812248913586,"mu","identity","beta",0.249173355,0.16966503575,0.31718091675
"irgarol","ecxwb2p3",0.00163812248913586,"mu","identity","ec50",0.369498621252704,0.332052297539691,0.407029949605936
"irgarol","nec3param",0.000913425297828459,"mu","identity","top",0.67050698,0.64155357925,0.698330945
"irgarol","nec3param",0.000913425297828459,"mu","identity","beta",0.033865377,-0.03632860625,0.0954302391999999
"irgarol","nec3param",0.000913425297828459,"mu","identity","nec",0.22668725337365,0.208291750085353,0.244050958915193
"irgarol","nec4param",0.000742439663550052,"mu","identity","top",0.67058268,0.63930117,0.6998541605
"irgarol","nec4param",0.000742439663550052,"mu","identity","bot",0.0038322312,0.0010499775025,0.008160842585
"irgarol","nec4param",0.000742439663550052,"mu","identity","beta",0.0954238475,0.00769751059,0.18628094275
"irgarol","nec4param",0.000742439663550052,"mu","identity","nec",0.231761408076949,0.212824031603722,0.24980970649067
"irgarol","ecxll3",0.000420617711695517,"mu","identity","top",0.76561199,0.71848101975,0.829983048
"irgarol","ecxll3",0.000420617711695517,"mu","identity","beta",0.3522782,0.243352716,0.444259679
"irgarol","ecxll3",0.000420617711695517,"mu","identity","ec50",0.425226472743701,0.349446420697052,0.492100379311539
"irgarol","ecxexp",2.22509784680083e-17,"mu","identity","top",0.15718177,0.1396574055,0.178768458
"irgarol","ecxexp",2.22509784680083e-17,"mu","identity","beta",-0.420290225,-0.518973683,-0.33889218925
"irgarol","ecxwb1p3",7.5956779427386e-23,"mu","identity","top",0.96363645,0.88199376375,0.9941190915
"irgarol","ecxwb1p3",7.5956779427386e-23,"mu","identity","beta",-0.864456095,-0.99657754225,-0.75570584375
"irgarol","ecxwb1p3",7.5956779427386e-23,"mu","identity","ec50",0.475421383535943,0.380295300877645,0.620168342024253
"simazine","ecxll3",0.355116013980096,"mu","identity","top",0.678304575,0.66620826075,0.6907403805
"simazine","ecxll3",0.355116013980096,"mu","identity","beta",0.070365697,-0.014480371825,0.153298762
"simazine","ecxll3",0.355116013980096,"mu","identity","ec50",126.474891209057,116.795860053081,136.623303612118
"simazine","ecx4param",0.239591272054146,"mu","identity","top",0.67454852,0.66220620475,0.687252971
"simazine","ecx4param",0.239591272054146,"mu","identity","bot",0.0669028165,0.0147049027,0.12397076
"simazine","ecx4param",0.239591272054146,"mu","identity","beta",0.195938365,0.060344412925,0.3612044795
"simazine","ecx4param",0.239591272054146,"mu","identity","ec50",102.118433275054,83.1195387817921,122.827812963829
"simazine","ecxll4",0.187817047587544,"mu","identity","top",0.674653755,0.6613610475,0.687679315
"simazine","ecxll4",0.187817047587544,"mu","identity","bot",0.065768231,0.015260594575,0.12438843275
"simazine","ecxll4",0.187817047587544,"mu","identity","beta",0.191450325,0.05913396875,0.36374325575
"simazine","ecxll4",0.187817047587544,"mu","identity","ec50",102.58169957071,83.405543711284,123.01692776445
"simazine","ecxwb1",0.117464836124217,"mu","identity","top",0.678041585,0.664603554,0.69223368
"simazine","ecxwb1",0.117464836124217,"mu","identity","bot",0.153695705,0.0776934359,0.18867658275
"simazine","ecxwb1",0.117464836124217,"mu","identity","beta",0.011426396,-0.17404538475,0.18931234725
"simazine","ecxwb1",0.117464836124217,"mu","identity","ec50",118.149716113345,99.0649546948557,163.567368801501
"simazine","ecxwb2p3",0.0614390648160768,"mu","identity","top",0.66553566,0.65412686725,0.677448494
"simazine","ecxwb2p3",0.0614390648160768,"mu","identity","beta",-0.34823368,-0.4390637645,-0.2611535505
"simazine","ecxwb2p3",0.0614390648160768,"mu","identity","ec50",71.9212988771754,64.7687651267863,79.1746181892504
"simazine","ecxwb2",0.0202142774191999,"mu","identity","top",0.66469999,0.65256102625,0.676924633
"simazine","ecxwb2",0.0202142774191999,"mu","identity","bot",0.0300770095,0.0043602355425,0.081381187175
"simazine","ecxwb2",0.0202142774191999,"mu","identity","beta",-0.279985625,-0.3922320865,-0.126757378
"simazine","ecxwb2",0.0202142774191999,"mu","identity","ec50",66.5600401866456,56.9587924875194,75.348127963829
"simazine","ecxwb1p3",0.0173707251575728,"mu","identity","top",0.687462175,0.67338886625,0.70164775875
"simazine","ecxwb1p3",0.0173707251575728,"mu","identity","beta",-0.246878275,-0.33584636275,-0.16115084225
"simazine","ecxwb1p3",0.0173707251575728,"mu","identity","ec50",215.194463344038,200.296971454851,231.346879607075
"simazine","nec3param",0.000656173509836802,"mu","identity","top",0.66086479,0.649047465,0.6729360365
"simazine","nec3param",0.000656173509836802,"mu","identity","beta",-0.871725805,-0.96072521725,-0.7884450895
"simazine","nec3param",0.000656173509836802,"mu","identity","nec",20.8739861104934,18.3633157491123,23.348414504499
"simazine","nec4param",0.000330589351310201,"mu","identity","top",0.660861375,0.6486497585,0.6730952235
"simazine","nec4param",0.000330589351310201,"mu","identity","bot",0.0323009405,0.0048397656175,0.08871650335
"simazine","nec4param",0.000330589351310201,"mu","identity","beta",-0.77867963,-0.90409310225,-0.587667213
"simazine","nec4param",0.000330589351310201,"mu","identity","nec",21.1518749145232,18.6409359288799,23.6581359511681
"simazine","ecxexp",1.48468035663139e-36,"mu","identity","top",0.61136474,0.57798658,0.64503956175
"simazine","ecxexp",1.48468035663139e-36,"mu","identity","beta",-2.50717545,-2.747446775,-2.31819001
"tebuthiuron","ecxwb2p3",0.676140274394553,"mu","identity","top",0.697850905,0.69155988725,0.704087023
"tebuthiuron","ecxwb2p3",0.676140274394553,"mu","identity","beta",-0.114529665,-0.15740081,-0.071907588025
"tebuthiuron","ecxwb2p3",0.676140274394553,"mu","identity","ec50",60.3192717188306,56.9444513533729,63.7387713295021
"tebuthiuron","ecxwb2",0.298261277435932,"mu","identity","top",0.69722947,0.6908073095,0.70343644925
"tebuthiuron","ecxwb2",0.298261277435932,"mu","identity","bot",0.0111701785,0.002154201045,0.02524600585
"tebuthiuron","ecxwb2",0.298261277435932,"mu","identity","beta",-0.0629196975,-0.1249196505,0.011484939025
"tebuthiuron","ecxwb2",0.298261277435932,"mu","identity","ec50",59.2114982398366,55.7957877118026,62.6716410932065
"tebuthiuron","nec3param",0.0140797831348276,"mu","identity","top",0.695780105,0.68872415275,0.70288181525
"tebuthiuron","nec3param",0.0140797831348276,"mu","identity","beta",-0.480490385,-0.520628257,-0.44258821
"tebuthiuron","nec3param",0.0140797831348276,"mu","identity","nec",24.2870564000637,23.0708816445224,25.5139717149712
"tebuthiuron","ecxll4",0.00451919989327505,"mu","identity","top",0.70488897,0.697659192,0.712121646
"tebuthiuron","ecxll4",0.00451919989327505,"mu","identity","bot",0.036167345,0.02372819685,0.04839804435
"tebuthiuron","ecxll4",0.00451919989327505,"mu","identity","beta",0.32672324,0.24755813875,0.41031138525
"tebuthiuron","ecxll4",0.00451919989327505,"mu","identity","ec50",87.7264105028488,82.0757993421094,93.7421645221809
"tebuthiuron","ecx4param",0.00414058691539548,"mu","identity","top",0.704864775,0.69757237425,0.712292846
"tebuthiuron","ecx4param",0.00414058691539548,"mu","identity","bot",0.0362566605,0.0234929833,0.048517862275
"tebuthiuron","ecx4param",0.00414058691539548,"mu","identity","beta",0.32797405,0.2470142135,0.41006953925
"tebuthiuron","ecx4param",0.00414058691539548,"mu","identity","ec50",87.6601231647307,82.0517967068217,93.8254414473365
"tebuthiuron","nec4param",0.00283924910417365,"mu","identity","top",0.695801015,0.68845252625,0.70289993575
"tebuthiuron","nec4param",0.00283924910417365,"mu","identity","bot",0.0038601896,0.00056177065325,0.0120141198
"tebuthiuron","nec4param",0.00283924910417365,"mu","identity","beta",-0.462911625,-0.5078325735,-0.41325751225
"tebuthiuron","nec4param",0.00283924910417365,"mu","identity","nec",24.3768046240465,23.1330367929461,25.5770835052771
"tebuthiuron","ecxll3",1.96287589505345e-05,"mu","identity","top",0.70989779,0.70151386725,0.71822763625
"tebuthiuron","ecxll3",1.96287589505345e-05,"mu","identity","beta",0.148230705,0.0989418329,0.1970230505
"tebuthiuron","ecxll3",1.96287589505345e-05,"mu","identity","ec50",98.7051723669666,92.8424019036334,104.990881133466
"tebuthiuron","ecxwb1",3.62892218200192e-10,"mu","identity","top",0.71329022,0.7039191155,0.72286761425
"tebuthiuron","ecxwb1",3.62892218200192e-10,"mu","identity","bot",0.05762699,0.048239768475,0.067540089125
"tebuthiuron","ecxwb1",3.62892218200192e-10,"mu","identity","beta",-0.076528197,-0.152749198,-0.000475813805750002
"tebuthiuron","ecxwb1",3.62892218200192e-10,"mu","identity","ec50",133.374538573785,123.615476306577,143.885114125303
"tebuthiuron","ecxwb1p3",2.109259152477e-23,"mu","identity","top",0.73019477,0.71631875575,0.744517145
"tebuthiuron","ecxwb1p3",2.109259152477e-23,"mu","identity","beta",-0.41452129,-0.4867213085,-0.346547461
"tebuthiuron","ecxwb1p3",2.109259152477e-23,"mu","identity","ec50",185.850697553647,170.310815216186,203.591622632809
"tebuthiuron","ecxexp",1.13353741509037e-78,"mu","identity","top",0.60420427,0.571521447,0.63551673125
"tebuthiuron","ecxexp",1.13353741509037e-78,"mu","identity","beta",-2.0988422,-2.2640400225,-1.9587653125
